open,high,low,close,volume
0.0,0.11764705882352695,0.0,0.1111111111111133,1.0
0.27777777777777724,0.0,0.7333333333333396,0.49999999999999756,0.2272018903589006
0.9722222222222228,0.9411764705882365,1.0,1.0,0.0
1.0,1.0,0.13333333333334202,0.0,0.34843057296699675
